metric,baseline_value,baseline_method,final_candidate_requirement
Stage build,1.22 seconds,governed stage-only build at 56d0997,disclose same-method build and staged verify
Regular settled RSS,253888 KiB / 247.94 MiB,Day 33 paused after load and deterministic 0,<=333.8 MiB and no continuing growth after three LOD cycles
Compact settled RSS,144320 KiB / 140.94 MiB,Day 33 paused Journal open at exact 900x600,<=333.8 MiB and no continuing growth after three LOD cycles
City generated-page residency,pending candidate,declared renderer diagnostics,<=10485760 bytes unless stricter authority published
Neighborhood generated-page residency,pending candidate,declared renderer diagnostics,<=33554432 bytes unless stricter authority published
Block generated-page residency,pending candidate,declared renderer diagnostics,<=33554432 bytes unless stricter authority published
Cold render,pending candidate,three controlled cold samples,within published renderer budget with no unexplained regression
Unchanged pulse,pending candidate,settled repeated pulses,zero avoidable updates and bounded same-method average
LOD cycle high-water,pending candidate,three city-neighborhood-block cycles,plateau with no continuing high-water growth
